<?xml version="1.0" encoding="UTF-8"?>
<faces-config version="2.0" xmlns="http://java.sun.com/xml/ns/javaee"
	xmlns:xi="http://www.w3.org/2001/XInclude" xmlns:xsi="http://www.w3.org/2001/XMLSchema-instance"
	xsi:schemaLocation="http://java.sun.com/xml/ns/javaee http://java.sun.com/xml/ns/javaee/web-facesconfig_2_0.xsd">
	<!-- <converter> <converter-id>areaConverter</converter-id> <converter-class>br.com.pix.qware.qwcfp.convert.QwcssAreaConvert</converter-class> 
		</converter> <converter> <converter-id>domainConverter</converter-id> <converter-class>br.com.pix.qware.qwcfp.convert.QwcssDomainConvert</converter-class> 
		</converter> <converter> <converter-id>memberConverter</converter-id> <converter-class>br.com.pix.qware.qwcfp.convert.QwcssMemberConvert</converter-class> 
		</converter> <converter> <converter-id>nodeConverter</converter-id> <converter-class>br.com.pix.qware.qwcfp.convert.QwcssNodeConvert</converter-class> 
		</converter> <validator> <validator-id>validarCPF</validator-id> <validator-class>br.com.pix.qware.qwcfp.util.CPFValidator</validator-class> 
		</validator> -->

	<navigation-rule>
		<from-view-id>*</from-view-id>
		<navigation-case>
			<from-outcome>loginPage</from-outcome>
			<to-view-id>/index.xhtml</to-view-id>
		</navigation-case>
	</navigation-rule>

	<navigation-rule>
		<from-view-id>*</from-view-id>
		<navigation-case>
			<from-outcome>loginPageMobile</from-outcome>
			<to-view-id>/mobile.xhtml</to-view-id>
		</navigation-case>
	</navigation-rule>

	<navigation-rule>
		<from-view-id>*</from-view-id>
		<navigation-case>
			<from-outcome>restrictAcess</from-outcome>
			<to-view-id>/main.xhtml</to-view-id>
			<redirect></redirect>
		</navigation-case>
	</navigation-rule>
	
	<navigation-rule>
		<navigation-case>
			<from-outcome>addUser</from-outcome>
			<to-view-id>/gestor/addUsuario.xhtml</to-view-id>
			<redirect />
		</navigation-case>
		<navigation-case>
			<from-outcome>listUser</from-outcome>
			<to-view-id>/listUser.xhtml</to-view-id>
			<redirect />
		</navigation-case>
	</navigation-rule>
	
	<navigation-rule>
		<navigation-case>
			<from-outcome>addArea</from-outcome>
			<to-view-id>/gestor/addArea.xhtml</to-view-id>
			<redirect />
		</navigation-case>
		<navigation-case>
			<from-outcome>listArea</from-outcome>
			<to-view-id>/listArea.xhtml</to-view-id>
			<redirect />
		</navigation-case>
	</navigation-rule>
	
	<navigation-rule>
		<navigation-case>
			<from-outcome>addGrupo</from-outcome>
			<to-view-id>/addGrupo.xhtml</to-view-id>
			<redirect />
		</navigation-case>
		<navigation-case>
			<from-outcome>listGrupo</from-outcome>
			<to-view-id>/listGrupos.xhtml</to-view-id>
			<redirect />
		</navigation-case>
	</navigation-rule>
	
	
	<navigation-rule>
		<navigation-case>
			<from-outcome>addNode</from-outcome>
			<to-view-id>/gestor/addNode.xhtml</to-view-id>
			<redirect />
		</navigation-case>
		<navigation-case>
			<from-outcome>listNode</from-outcome>
			<to-view-id>/gestor/listNode.xhtml</to-view-id>
			<redirect />
		</navigation-case>
	</navigation-rule>
	
	<navigation-rule>
		<navigation-case>
			<from-outcome>addVolume</from-outcome>
			<to-view-id>/gestor/addVolume.xhtml</to-view-id>
			<redirect />
		</navigation-case>
		<navigation-case>
			<from-outcome>listVolume</from-outcome>
			<to-view-id>/gestor/listVolume.xhtml</to-view-id>
			<redirect />
		</navigation-case>
	</navigation-rule>
	
	<navigation-rule>
		<navigation-case>
			<from-outcome>addRegra</from-outcome>
			<to-view-id>/gestor/addRegra.xhtml</to-view-id>
			<redirect />
		</navigation-case>
		<navigation-case>
			<from-outcome>listRegras</from-outcome>
			<to-view-id>/gestor/listRegras.xhtml</to-view-id>
			<redirect />
		</navigation-case>
	</navigation-rule>
	
	<navigation-rule>
		<from-view-id>*</from-view-id>
		<navigation-case>
			<from-outcome>discoVirtual</from-outcome>
			<to-view-id>/discoVirtual.xhtml</to-view-id>
		</navigation-case>
	</navigation-rule>


	<navigation-rule>
		<from-view-id>*</from-view-id>
		<navigation-case>
			<from-outcome>erroPage</from-outcome>
			<to-view-id>/erro.xhtml</to-view-id>
		</navigation-case>
	</navigation-rule>

	<validator>
		<validator-id>validCpf</validator-id>
		<validator-class>br.com.pix.qware.qwcfp.validator.ValidCPF</validator-class>
	</validator>

	<lifecycle>
		<phase-listener>br.com.pix.qware.qwcfp.beans.MyListener</phase-listener>
	</lifecycle>

	<application>
		<message-bundle>resources.application</message-bundle>
		<locale-config>
			<default-locale>pt</default-locale>
		</locale-config>
	</application>

</faces-config>
